system_id,tested_at,recorded_by,ph,ph_source,magnesium,ammonia,alkalinity,calcium,phosphate,salinity,notes,data_source,nitrate,nitrite
3,2026-09-19T19:00:00Z,2,,,,,,,,33.2,,import,,
3,2026-09-17T19:00:00Z,2,,,,,,,,32.1,,import,,
3,2026-09-15T19:00:00Z,2,,,,,,,,32,,import,,
3,2026-09-13T19:00:00Z,2,8.16,manual,1205,0.26,7.2,448,0.34,32.6,,import,3.7,42
3,2026-09-12T19:00:00Z,2,,,,,,,,31.5,,import,,
3,2026-09-11T19:00:00Z,2,,,,,,,,31.6,,import,,
3,2026-09-10T19:00:00Z,2,,,,,,,,31.6,skipped Cbalance: low on CBalance (applies to all systems on this day),import,,
3,2026-09-09T19:00:00Z,2,,,,,,,,31.7,,import,,
3,2026-09-08T19:00:00Z,2,,,,,,,,31.8,,import,,
3,2026-09-07T19:00:00Z,2,,,1150,,,,,31.7,skipped Cbalance; ran out of time/preserving remaining (AK ordered more),import,,
3,2026-09-06T19:00:00Z,2,,,1200,0.12,7.3,412,0.23,32,,import,,
3,2026-09-05T19:00:00Z,2,,,1130,,,,,31.7,,import,,
3,2026-09-04T19:00:00Z,2,,,1205,,,,,31.6,,import,,
3,2026-09-03T19:00:00Z,2,,,1150,,7,,,31.7,15g Reef Adv Mg/0.5L DI,import,,
3,2026-09-01T19:00:00Z,2,,,1155,,7,,,31.6,,import,,
3,2026-08-31T19:00:00Z,2,,,,,,,,31.6,,import,,
3,2026-08-30T19:00:00Z,2,8.16,manual,1125,0.1,6.7,400,0.04,31.5,,import,,
3,2026-08-29T19:00:00Z,2,,,,,,,,34.9,,import,,
3,2026-08-28T19:00:00Z,2,,,,,,,,35.7,,import,,
3,2026-08-27T19:00:00Z,2,,,,,,,,35.2,,import,,
3,2026-08-26T19:00:00Z,2,,,,,,,,35.7,,import,,
3,2026-08-25T19:00:00Z,2,,,,,,,,35,,import,,
3,2026-08-24T19:00:00Z,2,,,,,,,,36,,import,,
3,2026-08-23T19:00:00Z,2,,,1245,0.05,7.2,440,0.06,35.1,,import,,
3,2026-08-22T19:00:00Z,2,,,,,,,,34.9,,import,,
3,2026-08-21T19:00:00Z,2,,,,,,,,35.3,,import,,
3,2026-08-20T19:00:00Z,2,,,,,,,,35,,import,,
3,2026-08-19T19:00:00Z,2,,,,,,,,35.3,,import,,
3,2026-08-18T19:00:00Z,2,,,,,,,,35.3,,import,,
3,2026-08-17T19:00:00Z,2,,,,,,,,35.4,,import,,
3,2026-08-16T19:00:00Z,2,8.14,manual,1180,0.01,7,414,0,35.2,sump top off,import,,
3,2026-08-15T19:00:00Z,2,,,,,,,,35.6,600 microL + 10L DH2O in sump,import,,
3,2026-08-14T19:00:00Z,2,,,,,,,,35.9,,import,,
3,2026-08-13T19:00:00Z,2,,,,,,,,36.1,,import,,
3,2026-08-12T19:00:00Z,2,,,,,,,,36.2,,import,,
3,2026-08-11T19:00:00Z,2,,,,,,,,34.4,,import,,
3,2026-08-10T19:00:00Z,2,,,,,,,,34.3,,import,,
3,2026-08-09T19:00:00Z,2,7.7,manual,1290,0.05,7.2,421,0,34.4,Sump top off,import,0,18
3,2026-08-08T19:00:00Z,2,,,,,,,,34.4,filter change,import,,
3,2026-08-07T19:00:00Z,2,,,,,,,,34.2,,import,,
3,2026-08-06T19:00:00Z,2,,,,,,,,34,,import,,
3,2026-08-05T19:00:00Z,2,,,,,,,,34.2,,import,,
3,2026-08-04T19:00:00Z,2,,,,,,,,34.3,,import,,
3,2026-08-03T19:00:00Z,2,,,,,,,,34.1,,import,,
3,2026-08-02T19:00:00Z,2,8,manual,1575,0.05,7.1,399,0,34,,import,,
3,2026-07-31T19:00:00Z,2,,,,,,,,34.2,,import,,
3,2026-07-30T19:00:00Z,2,,,,,,,,34.5,600 microL trace + 10L dH2O in sump,import,,
3,2026-07-29T19:00:00Z,2,,,,,,,,34.8,,import,,
3,2026-07-28T19:00:00Z,2,,,,,,,,34.5,,import,,
3,2026-07-27T19:00:00Z,2,,,,,,,,34.6,,import,,
3,2026-07-26T19:00:00Z,2,,,,,,,,34.5,,import,,
3,2026-07-24T19:00:00Z,2,,,,,,,,34.6,,import,,
3,2026-07-22T19:00:00Z,2,,,,,,,,34.5,,import,,
3,2026-07-21T19:00:00Z,2,,,,,,,,34.9,600 microL trace + 10L dH2O in sump,import,,
3,2026-07-20T19:00:00Z,2,,,,,,,,35,,import,,
3,2026-07-19T19:00:00Z,2,8,manual,1315,0.05,7.4,429,0,35,filter change,import,,
3,2026-07-17T19:00:00Z,2,,,,,,,,35,,import,,
3,2026-07-16T19:00:00Z,2,,,,,,,,34.8,600 microL trace + 10L dH2O in sump,import,,
3,2026-07-15T19:00:00Z,2,,,,,,,,35,600 microL trace + 10L dH2O in sump,import,,
3,2026-07-14T19:00:00Z,2,,,,,,,,34.8,,import,,
3,2026-07-13T19:00:00Z,2,,,,,,,,34.6,filter+sock change GC Top off sump,import,,
3,2026-07-12T19:00:00Z,2,8.1,manual,1338,0.07,8.2,461,0,34.6,Sump filled,import,,
3,2026-07-11T19:00:00Z,2,,,,,8.5,,,34,,import,,
3,2026-07-10T19:00:00Z,2,,,,,,,,35,600 microL trace + 10L dH2O in sump,import,,
3,2026-07-09T19:00:00Z,2,,,,,8.5,,,35.3,600 microL trace + 10L dH2O (1/2 in the sea grape tank +1/2 tank),import,,
3,2026-07-08T19:00:00Z,2,,,,,8.4,,,35.5,600 microL trace + 10L dH2O in the sea grape tank  // filter change,import,,
3,2026-07-07T19:00:00Z,2,,,,,9,,,36,600 microL trace + 10L dH2O in the sea grape tank,import,,
3,2026-07-06T19:00:00Z,2,,,,,9,,,35.7,,import,,
3,2026-07-05T19:00:00Z,2,7.8,manual,1355,0.06,9.1,413,0,36,Sock change,import,5.4,19
3,2026-06-28T19:00:00Z,2,7.8,manual,1365,0.12,8.8,447,0,35.2,,import,7.7,63
3,2026-06-21T19:00:00Z,2,7.7,manual,1425,0.09,8.8,454,0.01,34.9,,import,6.9,25
3,2026-06-14T19:00:00Z,2,7.8,manual,1480,0.08,9.2,465,0.24,34.8,,import,9.9,63
3,2026-06-07T19:00:00Z,2,7.7,manual,,0.15,8.2,468,0.43,34.5,,import,9.7,110
3,2026-06-05T19:00:00Z,2,,,,0.09,8.4,359,,,,import,,
3,2026-06-04T19:00:00Z,2,,,,,8,,,34.2,,import,,
3,2026-06-03T19:00:00Z,2,,,,,7.9,,,34.6,,import,,
3,2026-06-02T19:00:00Z,2,,,,,7.7,,,,,import,,
3,2026-06-01T19:00:00Z,2,,,,,7.8,,,35,Accidental full sump change (~245L) + sea grape water (140L),import,,
3,2026-05-31T19:00:00Z,2,7.6,manual,1405,,8.4,,0.67,34.8,,import,,
3,2026-05-29T19:00:00Z,2,,,1280,0.09,8,378,0.78,,,import,,
3,2026-05-28T19:00:00Z,2,7.6,manual,1365,,7.7,,0.87,34.8,,import,,
3,2026-05-26T19:00:00Z,2,,,1285,0.12,,,0.81,,decreased aeration a bit in the bio filters chamber b/c splashing on lid caused a drip under sump  MJ,import,,
3,2026-05-25T19:00:00Z,2,,,1265,,,,0.94,,,import,,
3,2026-05-24T19:00:00Z,2,,,1390,0.24,,,1,,"phopsphate over range, only read 1.00
140L sump flush  MJ",import,,
3,2026-05-22T19:00:00Z,2,,,1340,0.22,,,0.96,,,import,,
3,2026-05-20T19:00:00Z,2,,,,,7.7,,,,,import,,
3,2026-05-19T19:00:00Z,2,,,,0.29,7.7,,,,,import,,
3,2026-05-18T19:00:00Z,2,,,1280,0.28,8,,1,34,140 L grape tank flush and reset  MJ,import,,
3,2026-05-17T19:00:00Z,2,8,manual,,0.32,,,,,,import,,
3,2026-05-16T19:00:00Z,2,,,,0.3,,,0.87,,,import,,
3,2026-05-15T19:00:00Z,2,,,1400,0.16,,,,,,import,,
3,2026-05-14T19:00:00Z,2,,,1290,0.22,7.5,,0.9,,added 25g Reef Advantage Mg/1000mL dH20 to system,import,,
3,2026-05-13T19:00:00Z,2,7.9,manual,1330,,7.6,,0.8,,filter and sock change  EM,import,,
3,2026-05-11T19:00:00Z,2,7.6,manual,1270,0.13,8,460,1,,no Cbalance,import,,
3,2026-05-10T19:00:00Z,2,7.8,manual,,0.12,8.4,498,,,"protein skimmer clean
filter change
no Cbalance",import,,
3,2026-05-09T19:00:00Z,2,,,,0.35,,,,,no Cbalance,import,,
3,2026-05-08T19:00:00Z,2,,,,0.29,,,,,no Cbalance,import,,
3,2026-05-07T19:00:00Z,2,,,,,8.7,482,,,no Cbalance,import,,
3,2026-05-06T19:00:00Z,2,,,,,8.6,492,,,"concentrate of pt.B accidentally added to all systems since Sunday; Calcium has been increasing
sump flushes occuring since Wednesday",import,,
3,2026-05-05T19:00:00Z,2,,,,0.25,,,1,,filter and sock change  KP,import,,
3,2026-05-04T19:00:00Z,2,7.8,manual,,0.27,,467,,,,import,,
3,2026-05-03T19:00:00Z,2,,,,0.22,,,,,,import,,
3,2026-04-30T19:00:00Z,2,,,,0.37,8.8,,,,,import,,
3,2026-04-29T19:00:00Z,2,,,,0.26,,,,,,import,,
3,2026-04-27T19:00:00Z,2,8,manual,,0.16,9.1,,,,sea grape weight + tank cleaning,import,,
3,2026-04-26T19:00:00Z,2,,,,0.28,,,,,,import,,
3,2026-04-24T19:00:00Z,2,,,,0.22,,,,,,import,,
3,2026-04-23T19:00:00Z,2,,,,0.22,8.6,,,,,import,,
3,2026-04-22T19:00:00Z,2,,,,0.22,,,,,,import,,
3,2026-04-21T19:00:00Z,2,,,,0.22,,,,,,import,,
3,2026-04-20T19:00:00Z,2,8.1,manual,,0.19,8.9,,,,pleated filter change,import,,
3,2026-04-19T19:00:00Z,2,,,,0.24,,,,,,import,,
3,2026-04-17T19:00:00Z,2,,,,0.29,,,,,,import,,
3,2026-04-16T19:00:00Z,2,,,,0.38,8.7,,,,,import,,
3,2026-04-15T19:00:00Z,2,7.7,manual,,0.45,,,,,,import,,
3,2026-04-14T19:00:00Z,2,,,,0.65,8.7,,,,pleated filter change,import,,
3,2026-04-12T19:00:00Z,2,,,,0.94,,,,,sock change,import,,
3,2026-04-11T19:00:00Z,2,,,,1.08,,,,,,import,,
3,2026-04-10T19:00:00Z,2,,,,1.29,,,,,,import,,
3,2026-04-09T19:00:00Z,2,,,,1.42,8.3,,,,,import,,
3,2026-04-08T19:00:00Z,2,,,,1.43,,,,,,import,,
3,2026-04-07T19:00:00Z,2,,,1220,1.55,,431,0.9,,pleated filter change,import,,
3,2026-04-06T19:00:00Z,2,8.4,manual,,1.58,8,,,,,import,,
3,2026-04-05T19:00:00Z,2,,,,1.44,,,,,,import,,
3,2026-04-04T19:00:00Z,2,,,,1.47,,,,,,import,,
3,2026-04-03T19:00:00Z,2,,,,1.61,,,,,sump change,import,,
3,2026-04-02T19:00:00Z,2,,,,1.56,8,,,,,import,,
3,2026-04-01T19:00:00Z,2,,,,1.44,,,,,,import,,
3,2026-03-31T19:00:00Z,2,,,1295,1.3,,464,0.68,,pleated filter change (KP),import,,
3,2026-03-30T19:00:00Z,2,8.1,manual,,0.99,7.8,,,,,import,,
3,2026-03-29T19:00:00Z,2,,,,1.32,,,,,sump change + extra tanks,import,,
3,2026-03-28T19:00:00Z,2,,,,1.17,,,,,,import,,
3,2026-03-27T19:00:00Z,2,,,,1.42,,,,,sump change,import,,
3,2026-03-26T19:00:00Z,2,,,,1.17,8.1,,,,,import,,
3,2026-03-25T19:00:00Z,2,,,,0.84,,,,,,import,,
3,2026-03-24T19:00:00Z,2,,,,0.91,,,,,pleated filter change (KP),import,,
3,2026-03-23T19:00:00Z,2,8.3,manual,,1.16,8.1,,,,,import,,
3,2026-03-22T19:00:00Z,2,,,,1.2,,,,,,import,,
3,2026-03-21T19:00:00Z,2,,,,1.16,,,,,,import,,
3,2026-03-20T19:00:00Z,2,,,,1.01,,,,,sock filter change,import,,
3,2026-03-19T19:00:00Z,2,,,,0.96,7.5,,,,,import,,
3,2026-03-18T19:00:00Z,2,,,,0.88,,,,,,import,,
3,2026-03-17T19:00:00Z,2,,,1310,0.89,,441,,,pleated filter change (KP+MJ),import,,
3,2026-03-16T19:00:00Z,2,,,,0.95,7.4,,,,,import,,
3,2026-03-15T19:00:00Z,2,,,,0.79,7,,,,,import,,
3,2026-03-14T19:00:00Z,2,,,,1.43,7.6,,,,Ammonia 1.28 after sump change,import,,
3,2026-03-13T19:00:00Z,2,,,,1.41,,,,,,import,,
3,2026-03-12T19:00:00Z,2,,,,1.48,7.6,,,,,import,,
3,2026-03-11T19:00:00Z,2,,,,1.35,,,,,,import,,
3,2026-03-10T19:00:00Z,2,,,1225,1.25,,436,0.3,,,import,,
3,2026-03-09T19:00:00Z,2,8.4,manual,,1.25,7.5,,,,,import,,
3,2026-03-08T19:00:00Z,2,,,,1.18,,,,,,import,,
3,2026-03-07T20:00:00Z,2,,,,1.19,,,,,,import,,
3,2026-03-06T20:00:00Z,2,,,,1.08,,,,,,import,,
3,2026-03-05T20:00:00Z,2,,,,0.96,7.5,,,,,import,,
3,2026-03-04T20:00:00Z,2,,,,0.83,,,,,,import,,
3,2026-03-03T20:00:00Z,2,,,1270,1.11,,423,0.24,,,import,,
3,2026-03-02T20:00:00Z,2,,,,1.21,8.3,,,,,import,,
3,2026-03-01T20:00:00Z,2,,,,1.07,,,,,,import,,
3,2026-02-28T20:00:00Z,2,,,,1.06,,,,,reader 1 used for ammonia,import,,
3,2026-02-27T20:00:00Z,2,,,,0.97,8.3,,,,,import,,
3,2026-02-26T20:00:00Z,2,,,,0.81,8.5,,,,,import,,
3,2026-02-25T20:00:00Z,2,,,,0.79,,,,,,import,,
3,2026-02-24T20:00:00Z,2,,,,1.37,8.9,,,,reader 4 used for ammonia,import,,
3,2026-02-23T20:00:00Z,2,8.5,manual,1460,1.32,9.3,,0.32,,,import,,
3,2026-02-22T20:00:00Z,2,,,,,8.9,,,,,import,,
3,2026-02-21T20:00:00Z,2,,,,,8.6,,,,,import,,
3,2026-02-20T20:00:00Z,2,,,,0.78,8.5,,,,,import,,
3,2026-02-19T20:00:00Z,2,,,,0.56,8.3,,,,,import,,
3,2026-02-18T20:00:00Z,2,,,,0.44,7.9,,,,,import,,
3,2026-02-17T20:00:00Z,2,,,,0.86,8.2,,,,reader 1 for ammonia,import,,
3,2026-02-16T20:00:00Z,2,8.2,manual,1335,0.82,8,,0.15,,,import,,
3,2026-02-15T20:00:00Z,2,,,,1.27,7.8,,,,,import,,
3,2026-02-14T20:00:00Z,2,,,,1.37,7.6,,,,,import,,
3,2026-02-13T20:00:00Z,2,,,,1.24,7.5,,,,,import,,
3,2026-02-12T20:00:00Z,2,,,,1.24,7.5,,,,,import,,
3,2026-02-11T20:00:00Z,2,,,,1.53,7.6,,,,,import,,
3,2026-02-10T20:00:00Z,2,,,,1.4,7.6,,,,reader #1 used for ammonia sample,import,,
3,2026-02-09T20:00:00Z,2,8.2,manual,1220,1.21,7.3,401,0.23,,,import,,
3,2026-02-08T20:00:00Z,2,,,,1.26,7.2,,,,,import,,
3,2026-02-07T20:00:00Z,2,,,,1.64,7.5,,,,Sump flush,import,,
3,2026-02-06T20:00:00Z,2,,,,1.49,7.3,,,,,import,,
3,2026-02-05T20:00:00Z,2,,,,1.24,7.2,,,,,import,,
3,2026-02-04T20:00:00Z,2,,,,1.76,7.5,,,,"sump flush and filter swap, increased aeration to bioballs, replenished bacto balls (x6), replaced sock",import,,
3,2026-02-03T20:00:00Z,2,,,,,7.5,,,,,import,,
3,2026-02-02T20:00:00Z,2,8.1,manual,1180,1.96,7.3,410,0.5,,,import,,
3,2026-02-01T20:00:00Z,2,,,,1.64,7.2,,,,,import,,
3,2026-01-31T20:00:00Z,2,,,,2.11,7.6,,,,sump flush and filter swap,import,,
3,2026-01-30T20:00:00Z,2,,,,1.56,7.3,,,,,import,,
3,2026-01-29T20:00:00Z,2,,,,1.4,6.9,,,,,import,,
3,2026-01-28T20:00:00Z,2,,,,1.52,6.7,,,,"sump flush, added 4 bacto balls",import,,
3,2026-01-27T20:00:00Z,2,,,,1.58,6.7,,,,10 Gal water change  AK,import,,
3,2026-01-26T20:00:00Z,2,8.2,manual,1380,1.43,6.3,519,0.44,,,import,,
3,2026-01-25T20:00:00Z,2,,,,1.43,6.3,,,,,import,,
3,2026-01-24T20:00:00Z,2,,,,,6.5,,,,sump water change,import,,
3,2026-01-23T20:00:00Z,2,,,,1.63,6.5,,,,,import,,
3,2026-01-22T20:00:00Z,2,,,,1.88,6.7,,,,,import,,
3,2026-01-20T20:00:00Z,2,,,,1.44,6.9,,,,reader #4 for ammonia; reran reading (1.41),import,,
3,2026-01-19T20:00:00Z,2,8,manual,1410,0.77,6.5,392,0.07,,,import,,
3,2026-01-18T20:00:00Z,2,8.5,manual,,,9.3,,,,pulled sample before system bleach and drain,import,,
3,2026-01-17T20:00:00Z,2,8.3,manual,,,9.3,,,,"did not add cbalance, due to star shuffle tomorrow",import,,
3,2026-01-16T20:00:00Z,2,8.2,manual,,,9.8,,,,,import,,
3,2026-01-15T20:00:00Z,2,9.3,manual,,0.04,9.5,,,,,import,,
3,2026-01-14T20:00:00Z,2,7.9,manual,,,8.8,,,,disabled probe  checked pH manually,import,,
3,2026-01-13T20:00:00Z,2,,,,,8.5,,,,,import,,
3,2026-01-12T20:00:00Z,2,8.2,manual,1650,0.03,8.2,439,0.04,,,import,,
3,2026-01-11T20:00:00Z,2,,,,,8,,,,,import,,
3,2026-01-10T20:00:00Z,2,,,,,8.1,,,,,import,,
3,2026-01-09T20:00:00Z,2,,,,,7.6,,,,,import,,
3,2026-01-08T20:00:00Z,2,,,,,7.6,,,,,import,,
3,2026-01-06T20:00:00Z,2,,,,,7.8,,,,,import,,
3,2026-01-05T20:00:00Z,2,,,,0.01,7.7,,,,,import,,
3,2026-01-04T20:00:00Z,2,,,,,8,,,,,import,,
3,2026-01-03T20:00:00Z,2,,,,,7.7,,,,,import,,
3,2026-01-02T20:00:00Z,2,,,,,7.6,,,,,import,,
3,2025-12-31T20:00:00Z,2,,,,,7.5,,,,,import,,
3,2025-12-30T20:00:00Z,2,,,,,7.1,,,,,import,,
3,2025-12-29T20:00:00Z,2,8.2,manual,1535,0.13,7.2,422,0.01,,second reading taken at 12:30 (alk = 7.5),import,,
3,2025-12-28T20:00:00Z,2,,,,0.17,7.3,,,,,import,,
3,2025-12-27T20:00:00Z,2,,,,,7.4,,,,,import,,
3,2025-12-25T20:00:00Z,2,,,,,6.9,,,,,import,,
3,2025-12-24T20:00:00Z,2,,,,,7,,,,,import,,
3,2025-12-23T20:00:00Z,2,,,,0.06,7.7,,,,ammonia reader #4,import,,
3,2025-12-22T20:00:00Z,2,8.2,manual,1600,0.03,7.6,433,0.02,,siphoned before probiotics and fusion,import,,
3,2025-12-21T20:00:00Z,2,,,,0.05,7.5,,,,ammonia #2,import,,
3,2025-12-20T20:00:00Z,2,,,,0.05,7.3,,,,ammonia #2,import,,
3,2025-12-19T20:00:00Z,2,,,,0.03,7.3,,,,ammonia #2,import,,
3,2025-12-18T20:00:00Z,2,,,,0.06,7,,,,ammonia #1; siphoned before adding probiotics,import,,
3,2025-12-17T20:00:00Z,2,,,,0.03,7.3,,,,"ammonia #1, pre system flush",import,,
3,2025-12-17T20:00:00Z,2,,,,0.04,6.5,,,,post system flush; 12:27pm reading; fusion added after big system flush,import,,
3,2025-12-16T20:00:00Z,2,7.8,manual,1440,,7.2,471,0.03,,,import,,
3,2025-12-15T20:00:00Z,2,,,,0.05,7.3,,,,ammonia reader #4,import,,
3,2025-12-09T20:00:00Z,2,,,1645,0.03,7.8,450,0.01,,,import,,
3,2025-12-02T20:00:00Z,2,,,,0.02,8.3,,,,,import,,
3,2025-12-01T20:00:00Z,2,8.1,manual,1560,0.03,8,478,0.03,,,import,,
3,2025-11-29T20:00:00Z,2,,,,0.15,8.2,457,,,,import,,
3,2025-11-28T20:00:00Z,2,,,,,8.1,,,,,import,,
3,2025-11-27T20:00:00Z,2,,,,,7.9,,,,reef fusion added to system on 11/27,import,,
3,2025-11-24T20:00:00Z,2,7.9,manual,1395,0.45,5.2,466,0.03,,,import,,
3,2025-11-18T20:00:00Z,2,,,1425,0.42,,429,,,,import,,
3,2025-11-14T20:00:00Z,2,,,,,,547,,,used new HANNA calcium reader,import,,
3,2025-11-11T20:00:00Z,2,,,,,,200,,,,import,,
3,2025-11-10T20:00:00Z,2,,,1475,,,200,,,"11:00:00 AM; added after
Magnesium reading 4:45 PM",import,,
3,2025-11-03T20:00:00Z,2,,,1300,0.1,,200,,,morning first thing,import,,
3,2025-10-28T19:00:00Z,2,,,1370,,,,,,morning first thing,import,,
3,2025-10-28T19:00:00Z,2,,,1350,,,,,,post EOD,import,,
3,2025-10-27T19:00:00Z,2,,,1370,,,,,34.5,,import,,
3,2025-10-27T19:00:00Z,2,,,1385,0.19,,,,,post EOD,import,,
3,2025-10-25T19:00:00Z,2,,,1340,,,,,,preMg addition,import,,
3,2025-10-13T19:00:00Z,2,,,,0.19,,,,,,import,,
3,2025-10-10T19:00:00Z,2,,,1300,,,200,,,Reef Buffer and Fusion added earlier today; measurement taken few hours postaddition,import,,
3,2025-10-09T19:00:00Z,2,,,,,,200,,,,import,,
3,2025-10-08T19:00:00Z,2,,,,,,208,,,Reef Buffer and Fusion added 10/7,import,,
3,2025-10-06T19:00:00Z,2,7.8,manual,1110,0.55,5.1,200,0.25,,,import,,
3,2025-09-29T19:00:00Z,2,,,,0.6,,,0.12,,,import,,
3,2025-09-23T19:00:00Z,2,,,,0.4,,,,,,import,,
3,2025-09-22T19:00:00Z,2,7.9,manual,1300,0.49,4.9,205,0.09,,,import,,
3,2025-09-16T19:00:00Z,2,7.9,manual,1180,0.05,4.6,329,0.04,,,import,,
3,2025-09-08T19:00:00Z,2,7.8,manual,1300,0.23,5,329,0.08,,,import,,
3,2025-09-01T19:00:00Z,2,8,manual,1470,0.18,5.2,279,0.16,,,import,,
3,2025-08-26T19:00:00Z,2,7.9,manual,1305,0.62,5.5,346,0.34,,,import,,
3,2025-08-18T19:00:00Z,2,7.8,manual,1360,0.17,5.9,325,0.32,,,import,,
3,2025-08-11T19:00:00Z,2,7.8,manual,1445,0.15,5.6,350,0.46,,,import,,
3,2025-07-28T19:00:00Z,2,8,manual,1240,0.16,6,445,0.9,,,import,,
3,2025-07-21T19:00:00Z,2,7.8,manual,1240,0.16,6.2,377,0.34,,,import,,
3,2025-07-14T19:00:00Z,2,7.9,manual,1340,0.17,6.2,382,0.67,,,import,,
3,2025-07-09T19:00:00Z,2,7.8,manual,1360,0.12,6.5,382,0.63,,,import,,
3,2025-06-30T19:00:00Z,2,7.8,manual,1470,0.13,5.9,378,0.52,,,import,,
3,2025-06-25T19:00:00Z,2,7.7,manual,1420,0.09,5.9,409,0.58,,,import,,
3,2025-06-18T19:00:00Z,2,,,,0.09,5.7,476,0.69,,,import,,
