system_id,chemical_name,amount,unit,added_at,recorded_by,reason,data_source
3,CBalance,30,mL,2026-09-17T19:00:00Z,2,,import
3,CBalance,30,mL,2026-09-11T19:00:00Z,2,,import
3,CBalance,30,mL,2026-09-09T19:00:00Z,2,,import
3,CBalance,30,mL,2026-09-08T19:00:00Z,2,,import
3,CBalance,30,mL,2026-09-06T19:00:00Z,2,,import
3,CBalance,30,mL,2026-09-04T19:00:00Z,2,,import
3,CBalance,30,mL,2026-09-03T19:00:00Z,2,,import
3,CBalance,30,mL,2026-09-02T19:00:00Z,2,,import
3,CBalance,30,mL,2026-09-01T19:00:00Z,2,,import
3,CBalance,30,mL,2026-08-31T19:00:00Z,2,,import
3,CBalance,30,mL,2026-08-30T19:00:00Z,2,,import
3,CBalance,10,mL,2026-08-28T19:00:00Z,2,,import
3,CBalance,10,mL,2026-08-27T19:00:00Z,2,,import
3,CBalance,10,mL,2026-08-26T19:00:00Z,2,,import
3,CBalance,10,mL,2026-08-25T19:00:00Z,2,,import
3,CBalance,10,mL,2026-08-24T19:00:00Z,2,,import
3,CBalance,10,mL,2026-08-21T19:00:00Z,2,,import
3,CBalance,10,mL,2026-08-20T19:00:00Z,2,,import
3,CBalance,7,mL,2026-08-17T19:00:00Z,2,,import
3,CBalance,7,mL,2026-08-16T19:00:00Z,2,,import
3,CBalance,7,mL,2026-08-15T19:00:00Z,2,,import
3,CBalance,7,mL,2026-08-14T19:00:00Z,2,,import
3,CBalance,7,mL,2026-08-13T19:00:00Z,2,,import
3,CBalance,7,mL,2026-08-12T19:00:00Z,2,,import
3,CBalance,7,mL,2026-08-11T19:00:00Z,2,,import
3,CBalance,7,mL,2026-08-10T19:00:00Z,2,,import
3,CBalance,7.5,mL,2026-08-09T19:00:00Z,2,,import
3,CBalance,7,mL,2026-08-08T19:00:00Z,2,,import
3,CBalance,7,mL,2026-08-07T19:00:00Z,2,,import
3,CBalance,7,mL,2026-08-06T19:00:00Z,2,,import
3,CBalance,7,mL,2026-08-05T19:00:00Z,2,,import
3,CBalance,7,mL,2026-08-04T19:00:00Z,2,,import
3,CBalance,7,mL,2026-08-03T19:00:00Z,2,,import
3,CBalance,7,mL,2026-08-02T19:00:00Z,2,,import
3,CBalance,7,mL,2026-08-01T19:00:00Z,2,,import
3,CBalance,7,mL,2026-07-31T19:00:00Z,2,,import
3,CBalance,7,mL,2026-07-30T19:00:00Z,2,,import
3,CBalance,7,mL,2026-07-29T19:00:00Z,2,,import
3,CBalance,7,mL,2026-07-28T19:00:00Z,2,,import
3,CBalance,7,mL,2026-07-27T19:00:00Z,2,,import
3,CBalance,7,mL,2026-07-26T19:00:00Z,2,,import
3,CBalance,7,mL,2026-07-25T19:00:00Z,2,,import
3,CBalance,7,mL,2026-07-24T19:00:00Z,2,,import
3,CBalance,7,mL,2026-07-23T19:00:00Z,2,,import
3,CBalance,7,mL,2026-07-22T19:00:00Z,2,,import
3,CBalance,7,mL,2026-07-21T19:00:00Z,2,,import
3,CBalance,7,mL,2026-07-20T19:00:00Z,2,,import
3,CBalance,7,mL,2026-07-19T19:00:00Z,2,,import
3,CBalance,7,mL,2026-07-18T19:00:00Z,2,,import
3,CBalance,7,mL,2026-07-17T19:00:00Z,2,,import
3,CBalance,7,mL,2026-07-16T19:00:00Z,2,,import
3,CBalance,7,mL,2026-07-15T19:00:00Z,2,,import
3,CBalance,7,mL,2026-07-14T19:00:00Z,2,,import
3,CBalance,7,mL,2026-07-13T19:00:00Z,2,,import
3,CBalance,7,mL,2026-07-12T19:00:00Z,2,,import
3,CBalance,7,mL,2026-07-11T19:00:00Z,2,,import
3,CBalance,7,mL,2026-07-10T19:00:00Z,2,,import
3,CBalance,7,mL,2026-07-09T19:00:00Z,2,,import
3,CBalance,7.5,mL,2026-07-08T19:00:00Z,2,,import
3,CBalance,7.5,mL,2026-07-07T19:00:00Z,2,,import
3,CBalance,15,mL,2026-07-05T19:00:00Z,2,,import
3,CBalance,15,mL,2026-07-04T19:00:00Z,2,,import
3,CBalance,15,mL,2026-07-03T19:00:00Z,2,,import
3,CBalance,15,mL,2026-07-02T19:00:00Z,2,,import
3,CBalance,15,mL,2026-07-01T19:00:00Z,2,,import
3,CBalance,15,mL,2026-06-30T19:00:00Z,2,,import
3,CBalance,15,mL,2026-06-29T19:00:00Z,2,,import
3,CBalance,22.5,mL,2026-06-28T19:00:00Z,2,,import
3,CBalance,22.5,mL,2026-06-27T19:00:00Z,2,,import
3,CBalance,22.5,mL,2026-06-26T19:00:00Z,2,,import
3,CBalance,22.5,mL,2026-06-25T19:00:00Z,2,,import
3,CBalance,22.5,mL,2026-06-24T19:00:00Z,2,,import
3,CBalance,22.5,mL,2026-06-23T19:00:00Z,2,,import
3,CBalance,22.5,mL,2026-06-22T19:00:00Z,2,,import
3,CBalance,30,mL,2026-06-21T19:00:00Z,2,,import
3,CBalance,30,mL,2026-06-20T19:00:00Z,2,,import
3,CBalance,30,mL,2026-06-19T19:00:00Z,2,,import
3,CBalance,30,mL,2026-06-18T19:00:00Z,2,,import
3,CBalance,30,mL,2026-06-17T19:00:00Z,2,,import
3,CBalance,30,mL,2026-06-16T19:00:00Z,2,,import
3,CBalance,30,mL,2026-06-15T19:00:00Z,2,,import
3,CBalance,30,mL,2026-06-14T19:00:00Z,2,,import
3,CBalance,37.5,mL,2026-06-13T19:00:00Z,2,,import
3,CBalance,37.5,mL,2026-06-12T19:00:00Z,2,,import
3,CBalance,37.5,mL,2026-06-11T19:00:00Z,2,,import
3,CBalance,37.5,mL,2026-06-10T19:00:00Z,2,,import
3,CBalance,37.5,mL,2026-06-09T19:00:00Z,2,,import
3,CBalance,37.5,mL,2026-06-08T19:00:00Z,2,,import
3,CBalance,37.5,mL,2026-06-07T19:00:00Z,2,,import
3,CBalance,37.5,mL,2026-06-06T19:00:00Z,2,,import
3,CBalance,37.5,mL,2026-06-05T19:00:00Z,2,,import
3,CBalance,37.5,mL,2026-06-04T19:00:00Z,2,,import
3,CBalance,37.5,mL,2026-06-03T19:00:00Z,2,,import
3,CBalance,37.5,mL,2026-06-02T19:00:00Z,2,,import
3,CBalance,37.5,mL,2026-06-01T19:00:00Z,2,,import
3,CBalance,37.5,mL,2026-05-31T19:00:00Z,2,,import
3,CBalance,37.5,mL,2026-05-30T19:00:00Z,2,,import
3,CBalance,37.5,mL,2026-05-29T19:00:00Z,2,,import
3,CBalance,37.5,mL,2026-05-28T19:00:00Z,2,,import
3,CBalance,37.5,mL,2026-05-27T19:00:00Z,2,,import
3,CBalance,37.5,mL,2026-05-26T19:00:00Z,2,,import
3,CBalance,37.5,mL,2026-05-25T19:00:00Z,2,,import
3,CBalance,37.5,mL,2026-05-24T19:00:00Z,2,,import
3,CBalance,37.5,mL,2026-05-23T19:00:00Z,2,,import
3,CBalance,37.5,mL,2026-05-22T19:00:00Z,2,,import
3,CBalance,37.5,mL,2026-05-21T19:00:00Z,2,,import
3,CBalance,37.5,mL,2026-05-20T19:00:00Z,2,,import
3,CBalance,37.5,mL,2026-05-19T19:00:00Z,2,,import
3,CBalance,37.5,mL,2026-05-18T19:00:00Z,2,,import
3,CBalance,37.5,mL,2026-05-17T19:00:00Z,2,,import
3,CBalance,37.5,mL,2026-05-16T19:00:00Z,2,,import
3,CBalance,37.5,mL,2026-05-15T19:00:00Z,2,,import
3,CBalance,37.5,mL,2026-05-14T19:00:00Z,2,,import
3,CBalance,30,mL,2026-05-13T19:00:00Z,2,,import
3,CBalance,30,mL,2026-05-12T19:00:00Z,2,,import
3,CBalance,30,mL,2026-05-05T19:00:00Z,2,,import
3,CBalance,30,mL,2026-05-04T19:00:00Z,2,,import
3,CBalance,30,mL,2026-05-03T19:00:00Z,2,,import
3,CBalance,30,mL,2026-05-02T19:00:00Z,2,,import
3,CBalance,30,mL,2026-05-01T19:00:00Z,2,,import
3,CBalance,30,mL,2026-04-30T19:00:00Z,2,,import
3,CBalance,22.5,mL,2026-04-29T19:00:00Z,2,,import
3,CBalance,22.5,mL,2026-04-28T19:00:00Z,2,,import
3,CBalance,22.5,mL,2026-04-27T19:00:00Z,2,,import
3,CBalance,30,mL,2026-04-26T19:00:00Z,2,,import
3,CBalance,30,mL,2026-04-25T19:00:00Z,2,,import
3,CBalance,30,mL,2026-04-24T19:00:00Z,2,,import
3,CBalance,30,mL,2026-04-23T19:00:00Z,2,,import
3,CBalance,30,mL,2026-04-21T19:00:00Z,2,,import
3,CBalance,30,mL,2026-04-20T19:00:00Z,2,,import
3,CBalance,37.5,mL,2026-04-19T19:00:00Z,2,,import
3,CBalance,37.5,mL,2026-04-18T19:00:00Z,2,,import
3,CBalance,37.5,mL,2026-04-16T19:00:00Z,2,,import
3,CBalance,37.5,mL,2026-04-15T19:00:00Z,2,,import
3,CBalance,37.5,mL,2026-04-14T19:00:00Z,2,,import
3,CBalance,37.5,mL,2026-04-13T19:00:00Z,2,,import
3,CBalance,37.5,mL,2026-04-12T19:00:00Z,2,,import
3,CBalance,37.5,mL,2026-04-11T19:00:00Z,2,,import
3,CBalance,37.5,mL,2026-04-10T19:00:00Z,2,,import
3,CBalance,37.5,mL,2026-04-09T19:00:00Z,2,,import
3,CBalance,37.5,mL,2026-04-08T19:00:00Z,2,,import
3,CBalance,37.5,mL,2026-04-07T19:00:00Z,2,,import
3,CBalance,37.5,mL,2026-04-06T19:00:00Z,2,,import
3,CBalance,37.5,mL,2026-04-05T19:00:00Z,2,,import
3,CBalance,37.5,mL,2026-04-04T19:00:00Z,2,,import
3,CBalance,37.5,mL,2026-04-03T19:00:00Z,2,,import
3,CBalance,37.5,mL,2026-04-02T19:00:00Z,2,,import
3,CBalance,37.5,mL,2026-04-01T19:00:00Z,2,,import
3,CBalance,37.5,mL,2026-03-31T19:00:00Z,2,,import
3,CBalance,37.5,mL,2026-03-30T19:00:00Z,2,,import
3,CBalance,37.5,mL,2026-03-29T19:00:00Z,2,,import
3,CBalance,37.5,mL,2026-03-28T19:00:00Z,2,,import
3,CBalance,37.5,mL,2026-03-27T19:00:00Z,2,,import
3,CBalance,37.5,mL,2026-03-26T19:00:00Z,2,,import
3,CBalance,37.5,mL,2026-03-25T19:00:00Z,2,,import
3,CBalance,37.5,mL,2026-03-23T19:00:00Z,2,,import
3,CBalance,37.5,mL,2026-03-22T19:00:00Z,2,,import
3,CBalance,30,mL,2026-03-21T19:00:00Z,2,,import
3,CBalance,30,mL,2026-03-20T19:00:00Z,2,,import
3,CBalance,30,mL,2026-03-18T19:00:00Z,2,,import
3,CBalance,30,mL,2026-03-17T19:00:00Z,2,,import
3,CBalance,30,mL,2026-03-16T19:00:00Z,2,,import
3,CBalance,30,mL,2026-03-15T19:00:00Z,2,,import
3,CBalance,30,mL,2026-03-14T19:00:00Z,2,,import
3,CBalance,30,mL,2026-03-13T19:00:00Z,2,,import
3,CBalance,30,mL,2026-03-12T19:00:00Z,2,,import
3,CBalance,30,mL,2026-03-11T19:00:00Z,2,,import
3,CBalance,30,mL,2026-03-10T19:00:00Z,2,,import
3,CBalance,22.5,mL,2026-03-09T19:00:00Z,2,,import
3,CBalance,15,mL,2026-03-08T19:00:00Z,2,,import
3,CBalance,15,mL,2026-03-07T20:00:00Z,2,,import
3,CBalance,15,mL,2026-03-06T20:00:00Z,2,,import
3,CBalance,15,mL,2026-03-05T20:00:00Z,2,,import
3,CBalance,15,mL,2026-03-04T20:00:00Z,2,,import
3,CBalance,15,mL,2026-03-03T20:00:00Z,2,,import
3,CBalance,15,mL,2026-03-02T20:00:00Z,2,,import
3,CBalance,15,mL,2026-03-01T20:00:00Z,2,,import
3,CBalance,15,mL,2026-02-28T20:00:00Z,2,,import
3,CBalance,15,mL,2026-02-27T20:00:00Z,2,,import
3,CBalance,15,mL,2026-02-26T20:00:00Z,2,,import
3,CBalance,15,mL,2026-02-25T20:00:00Z,2,,import
3,CBalance,15,mL,2026-02-24T20:00:00Z,2,,import
3,CBalance,15,mL,2026-02-23T20:00:00Z,2,,import
3,CBalance,22.5,mL,2026-02-22T20:00:00Z,2,,import
3,CBalance,30,mL,2026-02-21T20:00:00Z,2,,import
3,CBalance,35,mL,2026-02-20T20:00:00Z,2,,import
3,CBalance,35,mL,2026-02-19T20:00:00Z,2,,import
3,CBalance,35,mL,2026-02-18T20:00:00Z,2,,import
3,CBalance,35,mL,2026-02-17T20:00:00Z,2,,import
3,CBalance,37.5,mL,2026-02-16T20:00:00Z,2,,import
3,CBalance,37.5,mL,2026-02-15T20:00:00Z,2,,import
3,CBalance,37.5,mL,2026-02-14T20:00:00Z,2,,import
3,CBalance,37.5,mL,2026-02-13T20:00:00Z,2,,import
3,CBalance,37.5,mL,2026-02-12T20:00:00Z,2,,import
3,CBalance,37.5,mL,2026-02-11T20:00:00Z,2,,import
3,CBalance,37.5,mL,2026-02-10T20:00:00Z,2,,import
3,CBalance,37.5,mL,2026-02-09T20:00:00Z,2,,import
3,CBalance,37.5,mL,2026-02-08T20:00:00Z,2,,import
3,CBalance,30,mL,2026-02-07T20:00:00Z,2,,import
3,CBalance,30,mL,2026-02-06T20:00:00Z,2,,import
3,CBalance,30,mL,2026-02-05T20:00:00Z,2,,import
3,CBalance,30,mL,2026-02-04T20:00:00Z,2,,import
3,CBalance,30,mL,2026-02-03T20:00:00Z,2,,import
3,CBalance,37.5,mL,2026-02-02T20:00:00Z,2,,import
3,CBalance,30,mL,2026-02-01T20:00:00Z,2,,import
3,CBalance,30,mL,2026-01-31T20:00:00Z,2,,import
3,CBalance,30,mL,2026-01-30T20:00:00Z,2,,import
3,CBalance,30,mL,2026-01-29T20:00:00Z,2,,import
3,CBalance,30,mL,2026-01-28T20:00:00Z,2,,import
3,CBalance,20,mL,2026-01-27T20:00:00Z,2,,import
3,CBalance,20,mL,2026-01-26T20:00:00Z,2,,import
3,CBalance,20,mL,2026-01-25T20:00:00Z,2,,import
3,CBalance,20,mL,2026-01-24T20:00:00Z,2,,import
3,CBalance,20,mL,2026-01-23T20:00:00Z,2,,import
3,CBalance,20,mL,2026-01-22T20:00:00Z,2,,import
3,CBalance,22.5,mL,2026-01-20T20:00:00Z,2,,import
3,CBalance,22.5,mL,2026-01-19T20:00:00Z,2,,import
3,CBalance,10,mL,2026-01-16T20:00:00Z,2,,import
3,CBalance,12,mL,2026-01-15T20:00:00Z,2,,import
3,CBalance,11,mL,2026-01-14T20:00:00Z,2,,import
3,CBalance,22.5,mL,2026-01-13T20:00:00Z,2,,import
3,CBalance,20,mL,2026-01-12T20:00:00Z,2,,import
3,CBalance,22.5,mL,2026-01-11T20:00:00Z,2,,import
3,CBalance,22.5,mL,2026-01-10T20:00:00Z,2,,import
3,CBalance,22.5,mL,2026-01-09T20:00:00Z,2,,import
3,CBalance,22.5,mL,2026-01-08T20:00:00Z,2,,import
3,CBalance,22.5,mL,2026-01-06T20:00:00Z,2,,import
3,CBalance,22.5,mL,2026-01-05T20:00:00Z,2,,import
3,CBalance,22.5,mL,2026-01-04T20:00:00Z,2,,import
3,CBalance,22.5,mL,2026-01-03T20:00:00Z,2,,import
3,CBalance,22.5,mL,2026-01-02T20:00:00Z,2,,import
3,CBalance,22.5,mL,2026-01-01T20:00:00Z,2,,import
3,CBalance,15,mL,2025-12-31T20:00:00Z,2,,import
3,CBalance,20,mL,2025-12-30T20:00:00Z,2,,import
3,CBalance,16,mL,2025-12-29T20:00:00Z,2,,import
3,CBalance,16,mL,2025-12-27T20:00:00Z,2,,import
3,CBalance,22.5,mL,2025-12-24T20:00:00Z,2,,import
3,CBalance,18,mL,2025-12-22T20:00:00Z,2,,import
3,CBalance,18,mL,2025-12-21T20:00:00Z,2,,import
3,CBalance,18,mL,2025-12-20T20:00:00Z,2,,import
3,CBalance,18,mL,2025-12-18T20:00:00Z,2,,import
3,CBalance,18,mL,2025-12-17T20:00:00Z,2,,import
